date,ffpi_food,ffpi_cereals,ffpi_veg_oils,ffpi_dairy,ffpi_meat,ffpi_sugar,unit,base_period,source,source_url,retrieved_utc
2010-01-01,98.518393838533,NA,NA,NA,NA,NA,Index (2016=100),2016,"FRED (IMF Primary Commodity Prices, PFOODINDEXM)",https://fred.stlouisfed.org/series/PFOODINDEXM,2025-11-11 15:33:05 UTC
2010-02-01,98.3462000687426,NA,NA,NA,NA,NA,Index (2016=100),2016,"FRED (IMF Primary Commodity Prices, PFOODINDEXM)",https://fred.stlouisfed.org/series/PFOODINDEXM,2025-11-11 15:33:05 UTC
2010-03-01,101.253786682566,NA,NA,NA,NA,NA,Index (2016=100),2016,"FRED (IMF Primary Commodity Prices, PFOODINDEXM)",https://fred.stlouisfed.org/series/PFOODINDEXM,2025-11-11 15:33:05 UTC
2010-04-01,103.79585780162,NA,NA,NA,NA,NA,Index (2016=100),2016,"FRED (IMF Primary Commodity Prices, PFOODINDEXM)",https://fred.stlouisfed.org/series/PFOODINDEXM,2025-11-11 15:33:05 UTC
2010-05-01,100.187063144666,NA,NA,NA,NA,NA,Index (2016=100),2016,"FRED (IMF Primary Commodity Prices, PFOODINDEXM)",https://fred.stlouisfed.org/series/PFOODINDEXM,2025-11-11 15:33:05 UTC
2010-06-01,96.3533907085615,NA,NA,NA,NA,NA,Index (2016=100),2016,"FRED (IMF Primary Commodity Prices, PFOODINDEXM)",https://fred.stlouisfed.org/series/PFOODINDEXM,2025-11-11 15:33:05 UTC
2010-07-01,102.125458670313,NA,NA,NA,NA,NA,Index (2016=100),2016,"FRED (IMF Primary Commodity Prices, PFOODINDEXM)",https://fred.stlouisfed.org/series/PFOODINDEXM,2025-11-11 15:33:05 UTC
2010-08-01,104.401520683287,NA,NA,NA,NA,NA,Index (2016=100),2016,"FRED (IMF Primary Commodity Prices, PFOODINDEXM)",https://fred.stlouisfed.org/series/PFOODINDEXM,2025-11-11 15:33:05 UTC
2010-09-01,109.672392666281,NA,NA,NA,NA,NA,Index (2016=100),2016,"FRED (IMF Primary Commodity Prices, PFOODINDEXM)",https://fred.stlouisfed.org/series/PFOODINDEXM,2025-11-11 15:33:05 UTC
2010-10-01,113.516480599625,NA,NA,NA,NA,NA,Index (2016=100),2016,"FRED (IMF Primary Commodity Prices, PFOODINDEXM)",https://fred.stlouisfed.org/series/PFOODINDEXM,2025-11-11 15:33:05 UTC
2010-11-01,114.623066977036,NA,NA,NA,NA,NA,Index (2016=100),2016,"FRED (IMF Primary Commodity Prices, PFOODINDEXM)",https://fred.stlouisfed.org/series/PFOODINDEXM,2025-11-11 15:33:05 UTC
2010-12-01,121.910638623372,NA,NA,NA,NA,NA,Index (2016=100),2016,"FRED (IMF Primary Commodity Prices, PFOODINDEXM)",https://fred.stlouisfed.org/series/PFOODINDEXM,2025-11-11 15:33:05 UTC
2011-01-01,125.784682333683,NA,NA,NA,NA,NA,Index (2016=100),2016,"FRED (IMF Primary Commodity Prices, PFOODINDEXM)",https://fred.stlouisfed.org/series/PFOODINDEXM,2025-11-11 15:33:05 UTC
2011-02-01,129.466032351768,NA,NA,NA,NA,NA,Index (2016=100),2016,"FRED (IMF Primary Commodity Prices, PFOODINDEXM)",https://fred.stlouisfed.org/series/PFOODINDEXM,2025-11-11 15:33:05 UTC
2011-03-01,128.416084803919,NA,NA,NA,NA,NA,Index (2016=100),2016,"FRED (IMF Primary Commodity Prices, PFOODINDEXM)",https://fred.stlouisfed.org/series/PFOODINDEXM,2025-11-11 15:33:05 UTC
2011-04-01,132.802192115931,NA,NA,NA,NA,NA,Index (2016=100),2016,"FRED (IMF Primary Commodity Prices, PFOODINDEXM)",https://fred.stlouisfed.org/series/PFOODINDEXM,2025-11-11 15:33:05 UTC
2011-05-01,129.796251488156,NA,NA,NA,NA,NA,Index (2016=100),2016,"FRED (IMF Primary Commodity Prices, PFOODINDEXM)",https://fred.stlouisfed.org/series/PFOODINDEXM,2025-11-11 15:33:05 UTC
2011-06-01,127.850775363456,NA,NA,NA,NA,NA,Index (2016=100),2016,"FRED (IMF Primary Commodity Prices, PFOODINDEXM)",https://fred.stlouisfed.org/series/PFOODINDEXM,2025-11-11 15:33:05 UTC
2011-07-01,126.960760180079,NA,NA,NA,NA,NA,Index (2016=100),2016,"FRED (IMF Primary Commodity Prices, PFOODINDEXM)",https://fred.stlouisfed.org/series/PFOODINDEXM,2025-11-11 15:33:05 UTC
2011-08-01,126.560963714982,NA,NA,NA,NA,NA,Index (2016=100),2016,"FRED (IMF Primary Commodity Prices, PFOODINDEXM)",https://fred.stlouisfed.org/series/PFOODINDEXM,2025-11-11 15:33:05 UTC
2011-09-01,120.636993994819,NA,NA,NA,NA,NA,Index (2016=100),2016,"FRED (IMF Primary Commodity Prices, PFOODINDEXM)",https://fred.stlouisfed.org/series/PFOODINDEXM,2025-11-11 15:33:05 UTC
2011-10-01,118.247108457545,NA,NA,NA,NA,NA,Index (2016=100),2016,"FRED (IMF Primary Commodity Prices, PFOODINDEXM)",https://fred.stlouisfed.org/series/PFOODINDEXM,2025-11-11 15:33:05 UTC
2011-11-01,118.05669557819,NA,NA,NA,NA,NA,Index (2016=100),2016,"FRED (IMF Primary Commodity Prices, PFOODINDEXM)",https://fred.stlouisfed.org/series/PFOODINDEXM,2025-11-11 15:33:05 UTC
2011-12-01,115.078195372297,NA,NA,NA,NA,NA,Index (2016=100),2016,"FRED (IMF Primary Commodity Prices, PFOODINDEXM)",https://fred.stlouisfed.org/series/PFOODINDEXM,2025-11-11 15:33:05 UTC
2012-01-01,117.844531807742,NA,NA,NA,NA,NA,Index (2016=100),2016,"FRED (IMF Primary Commodity Prices, PFOODINDEXM)",https://fred.stlouisfed.org/series/PFOODINDEXM,2025-11-11 15:33:05 UTC
2012-02-01,120.593232847386,NA,NA,NA,NA,NA,Index (2016=100),2016,"FRED (IMF Primary Commodity Prices, PFOODINDEXM)",https://fred.stlouisfed.org/series/PFOODINDEXM,2025-11-11 15:33:05 UTC
2012-03-01,123.099494058758,NA,NA,NA,NA,NA,Index (2016=100),2016,"FRED (IMF Primary Commodity Prices, PFOODINDEXM)",https://fred.stlouisfed.org/series/PFOODINDEXM,2025-11-11 15:33:05 UTC
2012-04-01,122.169860956251,NA,NA,NA,NA,NA,Index (2016=100),2016,"FRED (IMF Primary Commodity Prices, PFOODINDEXM)",https://fred.stlouisfed.org/series/PFOODINDEXM,2025-11-11 15:33:05 UTC
2012-05-01,116.534238638321,NA,NA,NA,NA,NA,Index (2016=100),2016,"FRED (IMF Primary Commodity Prices, PFOODINDEXM)",https://fred.stlouisfed.org/series/PFOODINDEXM,2025-11-11 15:33:05 UTC
2012-06-01,116.756889807029,NA,NA,NA,NA,NA,Index (2016=100),2016,"FRED (IMF Primary Commodity Prices, PFOODINDEXM)",https://fred.stlouisfed.org/series/PFOODINDEXM,2025-11-11 15:33:05 UTC
2012-07-01,123.555729810506,NA,NA,NA,NA,NA,Index (2016=100),2016,"FRED (IMF Primary Commodity Prices, PFOODINDEXM)",https://fred.stlouisfed.org/series/PFOODINDEXM,2025-11-11 15:33:05 UTC
2012-08-01,124.876439658002,NA,NA,NA,NA,NA,Index (2016=100),2016,"FRED (IMF Primary Commodity Prices, PFOODINDEXM)",https://fred.stlouisfed.org/series/PFOODINDEXM,2025-11-11 15:33:05 UTC
2012-09-01,122.343050216696,NA,NA,NA,NA,NA,Index (2016=100),2016,"FRED (IMF Primary Commodity Prices, PFOODINDEXM)",https://fred.stlouisfed.org/series/PFOODINDEXM,2025-11-11 15:33:05 UTC
2012-10-01,121.507314642797,NA,NA,NA,NA,NA,Index (2016=100),2016,"FRED (IMF Primary Commodity Prices, PFOODINDEXM)",https://fred.stlouisfed.org/series/PFOODINDEXM,2025-11-11 15:33:05 UTC
2012-11-01,120.52980956114,NA,NA,NA,NA,NA,Index (2016=100),2016,"FRED (IMF Primary Commodity Prices, PFOODINDEXM)",https://fred.stlouisfed.org/series/PFOODINDEXM,2025-11-11 15:33:05 UTC
2012-12-01,120.667882419966,NA,NA,NA,NA,NA,Index (2016=100),2016,"FRED (IMF Primary Commodity Prices, PFOODINDEXM)",https://fred.stlouisfed.org/series/PFOODINDEXM,2025-11-11 15:33:05 UTC
2013-01-01,122.095975333357,NA,NA,NA,NA,NA,Index (2016=100),2016,"FRED (IMF Primary Commodity Prices, PFOODINDEXM)",https://fred.stlouisfed.org/series/PFOODINDEXM,2025-11-11 15:33:05 UTC
2013-02-01,121.335504629157,NA,NA,NA,NA,NA,Index (2016=100),2016,"FRED (IMF Primary Commodity Prices, PFOODINDEXM)",https://fred.stlouisfed.org/series/PFOODINDEXM,2025-11-11 15:33:05 UTC
2013-03-01,121.59977566074,NA,NA,NA,NA,NA,Index (2016=100),2016,"FRED (IMF Primary Commodity Prices, PFOODINDEXM)",https://fred.stlouisfed.org/series/PFOODINDEXM,2025-11-11 15:33:05 UTC
2013-04-01,124.079045896732,NA,NA,NA,NA,NA,Index (2016=100),2016,"FRED (IMF Primary Commodity Prices, PFOODINDEXM)",https://fred.stlouisfed.org/series/PFOODINDEXM,2025-11-11 15:33:05 UTC
2013-05-01,126.579657121435,NA,NA,NA,NA,NA,Index (2016=100),2016,"FRED (IMF Primary Commodity Prices, PFOODINDEXM)",https://fred.stlouisfed.org/series/PFOODINDEXM,2025-11-11 15:33:05 UTC
2013-06-01,124.599682678302,NA,NA,NA,NA,NA,Index (2016=100),2016,"FRED (IMF Primary Commodity Prices, PFOODINDEXM)",https://fred.stlouisfed.org/series/PFOODINDEXM,2025-11-11 15:33:05 UTC
2013-07-01,122.608137883078,NA,NA,NA,NA,NA,Index (2016=100),2016,"FRED (IMF Primary Commodity Prices, PFOODINDEXM)",https://fred.stlouisfed.org/series/PFOODINDEXM,2025-11-11 15:33:05 UTC
2013-08-01,119.287445513654,NA,NA,NA,NA,NA,Index (2016=100),2016,"FRED (IMF Primary Commodity Prices, PFOODINDEXM)",https://fred.stlouisfed.org/series/PFOODINDEXM,2025-11-11 15:33:05 UTC
2013-09-01,115.604602806922,NA,NA,NA,NA,NA,Index (2016=100),2016,"FRED (IMF Primary Commodity Prices, PFOODINDEXM)",https://fred.stlouisfed.org/series/PFOODINDEXM,2025-11-11 15:33:05 UTC
2013-10-01,114.898940051777,NA,NA,NA,NA,NA,Index (2016=100),2016,"FRED (IMF Primary Commodity Prices, PFOODINDEXM)",https://fred.stlouisfed.org/series/PFOODINDEXM,2025-11-11 15:33:05 UTC
2013-11-01,115.955524235441,NA,NA,NA,NA,NA,Index (2016=100),2016,"FRED (IMF Primary Commodity Prices, PFOODINDEXM)",https://fred.stlouisfed.org/series/PFOODINDEXM,2025-11-11 15:33:05 UTC
2013-12-01,117.223839191532,NA,NA,NA,NA,NA,Index (2016=100),2016,"FRED (IMF Primary Commodity Prices, PFOODINDEXM)",https://fred.stlouisfed.org/series/PFOODINDEXM,2025-11-11 15:33:05 UTC
2014-01-01,117.761534239214,NA,NA,NA,NA,NA,Index (2016=100),2016,"FRED (IMF Primary Commodity Prices, PFOODINDEXM)",https://fred.stlouisfed.org/series/PFOODINDEXM,2025-11-11 15:33:05 UTC
2014-02-01,121.051859583211,NA,NA,NA,NA,NA,Index (2016=100),2016,"FRED (IMF Primary Commodity Prices, PFOODINDEXM)",https://fred.stlouisfed.org/series/PFOODINDEXM,2025-11-11 15:33:05 UTC
2014-03-01,128.098890239639,NA,NA,NA,NA,NA,Index (2016=100),2016,"FRED (IMF Primary Commodity Prices, PFOODINDEXM)",https://fred.stlouisfed.org/series/PFOODINDEXM,2025-11-11 15:33:05 UTC
2014-04-01,130.638546011728,NA,NA,NA,NA,NA,Index (2016=100),2016,"FRED (IMF Primary Commodity Prices, PFOODINDEXM)",https://fred.stlouisfed.org/series/PFOODINDEXM,2025-11-11 15:33:05 UTC
2014-05-01,125.380757790057,NA,NA,NA,NA,NA,Index (2016=100),2016,"FRED (IMF Primary Commodity Prices, PFOODINDEXM)",https://fred.stlouisfed.org/series/PFOODINDEXM,2025-11-11 15:33:05 UTC
2014-06-01,122.511049793131,NA,NA,NA,NA,NA,Index (2016=100),2016,"FRED (IMF Primary Commodity Prices, PFOODINDEXM)",https://fred.stlouisfed.org/series/PFOODINDEXM,2025-11-11 15:33:05 UTC
2014-07-01,119.788458412454,NA,NA,NA,NA,NA,Index (2016=100),2016,"FRED (IMF Primary Commodity Prices, PFOODINDEXM)",https://fred.stlouisfed.org/series/PFOODINDEXM,2025-11-11 15:33:05 UTC
2014-08-01,114.202901118978,NA,NA,NA,NA,NA,Index (2016=100),2016,"FRED (IMF Primary Commodity Prices, PFOODINDEXM)",https://fred.stlouisfed.org/series/PFOODINDEXM,2025-11-11 15:33:05 UTC
2014-09-01,112.025990695527,NA,NA,NA,NA,NA,Index (2016=100),2016,"FRED (IMF Primary Commodity Prices, PFOODINDEXM)",https://fred.stlouisfed.org/series/PFOODINDEXM,2025-11-11 15:33:05 UTC
2014-10-01,111.371200634263,NA,NA,NA,NA,NA,Index (2016=100),2016,"FRED (IMF Primary Commodity Prices, PFOODINDEXM)",https://fred.stlouisfed.org/series/PFOODINDEXM,2025-11-11 15:33:05 UTC
2014-11-01,111.111272184008,NA,NA,NA,NA,NA,Index (2016=100),2016,"FRED (IMF Primary Commodity Prices, PFOODINDEXM)",https://fred.stlouisfed.org/series/PFOODINDEXM,2025-11-11 15:33:05 UTC
2014-12-01,109.184271832501,NA,NA,NA,NA,NA,Index (2016=100),2016,"FRED (IMF Primary Commodity Prices, PFOODINDEXM)",https://fred.stlouisfed.org/series/PFOODINDEXM,2025-11-11 15:33:05 UTC
2015-01-01,104.537102020942,NA,NA,NA,NA,NA,Index (2016=100),2016,"FRED (IMF Primary Commodity Prices, PFOODINDEXM)",https://fred.stlouisfed.org/series/PFOODINDEXM,2025-11-11 15:33:05 UTC
2015-02-01,101.530816441441,NA,NA,NA,NA,NA,Index (2016=100),2016,"FRED (IMF Primary Commodity Prices, PFOODINDEXM)",https://fred.stlouisfed.org/series/PFOODINDEXM,2025-11-11 15:33:05 UTC
2015-03-01,98.9538246022442,NA,NA,NA,NA,NA,Index (2016=100),2016,"FRED (IMF Primary Commodity Prices, PFOODINDEXM)",https://fred.stlouisfed.org/series/PFOODINDEXM,2025-11-11 15:33:05 UTC
2015-04-01,100.883695502917,NA,NA,NA,NA,NA,Index (2016=100),2016,"FRED (IMF Primary Commodity Prices, PFOODINDEXM)",https://fred.stlouisfed.org/series/PFOODINDEXM,2025-11-11 15:33:05 UTC
2015-05-01,100.766255919456,NA,NA,NA,NA,NA,Index (2016=100),2016,"FRED (IMF Primary Commodity Prices, PFOODINDEXM)",https://fred.stlouisfed.org/series/PFOODINDEXM,2025-11-11 15:33:05 UTC
2015-06-01,100.301794982302,NA,NA,NA,NA,NA,Index (2016=100),2016,"FRED (IMF Primary Commodity Prices, PFOODINDEXM)",https://fred.stlouisfed.org/series/PFOODINDEXM,2025-11-11 15:33:05 UTC
2015-07-01,100.155793158325,NA,NA,NA,NA,NA,Index (2016=100),2016,"FRED (IMF Primary Commodity Prices, PFOODINDEXM)",https://fred.stlouisfed.org/series/PFOODINDEXM,2025-11-11 15:33:05 UTC
2015-08-01,97.0864767073335,NA,NA,NA,NA,NA,Index (2016=100),2016,"FRED (IMF Primary Commodity Prices, PFOODINDEXM)",https://fred.stlouisfed.org/series/PFOODINDEXM,2025-11-11 15:33:05 UTC
2015-09-01,96.2900233180341,NA,NA,NA,NA,NA,Index (2016=100),2016,"FRED (IMF Primary Commodity Prices, PFOODINDEXM)",https://fred.stlouisfed.org/series/PFOODINDEXM,2025-11-11 15:33:05 UTC
2015-10-01,96.8241296145989,NA,NA,NA,NA,NA,Index (2016=100),2016,"FRED (IMF Primary Commodity Prices, PFOODINDEXM)",https://fred.stlouisfed.org/series/PFOODINDEXM,2025-11-11 15:33:05 UTC
2015-11-01,92.7717263122203,NA,NA,NA,NA,NA,Index (2016=100),2016,"FRED (IMF Primary Commodity Prices, PFOODINDEXM)",https://fred.stlouisfed.org/series/PFOODINDEXM,2025-11-11 15:33:05 UTC
2015-12-01,92.3530597838305,NA,NA,NA,NA,NA,Index (2016=100),2016,"FRED (IMF Primary Commodity Prices, PFOODINDEXM)",https://fred.stlouisfed.org/series/PFOODINDEXM,2025-11-11 15:33:05 UTC
2016-01-01,92.31938264955,NA,NA,NA,NA,NA,Index (2016=100),2016,"FRED (IMF Primary Commodity Prices, PFOODINDEXM)",https://fred.stlouisfed.org/series/PFOODINDEXM,2025-11-11 15:33:05 UTC
2016-02-01,93.6289673278616,NA,NA,NA,NA,NA,Index (2016=100),2016,"FRED (IMF Primary Commodity Prices, PFOODINDEXM)",https://fred.stlouisfed.org/series/PFOODINDEXM,2025-11-11 15:33:05 UTC
2016-03-01,97.0829436431974,NA,NA,NA,NA,NA,Index (2016=100),2016,"FRED (IMF Primary Commodity Prices, PFOODINDEXM)",https://fred.stlouisfed.org/series/PFOODINDEXM,2025-11-11 15:33:05 UTC
2016-04-01,100.069111403131,NA,NA,NA,NA,NA,Index (2016=100),2016,"FRED (IMF Primary Commodity Prices, PFOODINDEXM)",https://fred.stlouisfed.org/series/PFOODINDEXM,2025-11-11 15:33:05 UTC
2016-05-01,101.441268221426,NA,NA,NA,NA,NA,Index (2016=100),2016,"FRED (IMF Primary Commodity Prices, PFOODINDEXM)",https://fred.stlouisfed.org/series/PFOODINDEXM,2025-11-11 15:33:05 UTC
2016-06-01,103.578271726506,NA,NA,NA,NA,NA,Index (2016=100),2016,"FRED (IMF Primary Commodity Prices, PFOODINDEXM)",https://fred.stlouisfed.org/series/PFOODINDEXM,2025-11-11 15:33:05 UTC
2016-07-01,103.882910648568,NA,NA,NA,NA,NA,Index (2016=100),2016,"FRED (IMF Primary Commodity Prices, PFOODINDEXM)",https://fred.stlouisfed.org/series/PFOODINDEXM,2025-11-11 15:33:05 UTC
2016-08-01,102.124548344635,NA,NA,NA,NA,NA,Index (2016=100),2016,"FRED (IMF Primary Commodity Prices, PFOODINDEXM)",https://fred.stlouisfed.org/series/PFOODINDEXM,2025-11-11 15:33:05 UTC
2016-09-01,101.706647027027,NA,NA,NA,NA,NA,Index (2016=100),2016,"FRED (IMF Primary Commodity Prices, PFOODINDEXM)",https://fred.stlouisfed.org/series/PFOODINDEXM,2025-11-11 15:33:05 UTC
2016-10-01,100.643422208853,NA,NA,NA,NA,NA,Index (2016=100),2016,"FRED (IMF Primary Commodity Prices, PFOODINDEXM)",https://fred.stlouisfed.org/series/PFOODINDEXM,2025-11-11 15:33:05 UTC
2016-11-01,101.195777350323,NA,NA,NA,NA,NA,Index (2016=100),2016,"FRED (IMF Primary Commodity Prices, PFOODINDEXM)",https://fred.stlouisfed.org/series/PFOODINDEXM,2025-11-11 15:33:05 UTC
2016-12-01,102.326749448923,NA,NA,NA,NA,NA,Index (2016=100),2016,"FRED (IMF Primary Commodity Prices, PFOODINDEXM)",https://fred.stlouisfed.org/series/PFOODINDEXM,2025-11-11 15:33:05 UTC
2017-01-01,106.536629015984,NA,NA,NA,NA,NA,Index (2016=100),2016,"FRED (IMF Primary Commodity Prices, PFOODINDEXM)",https://fred.stlouisfed.org/series/PFOODINDEXM,2025-11-11 15:33:05 UTC
2017-02-01,107.022787943169,NA,NA,NA,NA,NA,Index (2016=100),2016,"FRED (IMF Primary Commodity Prices, PFOODINDEXM)",https://fred.stlouisfed.org/series/PFOODINDEXM,2025-11-11 15:33:05 UTC
2017-03-01,103.435336447759,NA,NA,NA,NA,NA,Index (2016=100),2016,"FRED (IMF Primary Commodity Prices, PFOODINDEXM)",https://fred.stlouisfed.org/series/PFOODINDEXM,2025-11-11 15:33:05 UTC
2017-04-01,102.804709796017,NA,NA,NA,NA,NA,Index (2016=100),2016,"FRED (IMF Primary Commodity Prices, PFOODINDEXM)",https://fred.stlouisfed.org/series/PFOODINDEXM,2025-11-11 15:33:05 UTC
2017-05-01,105.218455626237,NA,NA,NA,NA,NA,Index (2016=100),2016,"FRED (IMF Primary Commodity Prices, PFOODINDEXM)",https://fred.stlouisfed.org/series/PFOODINDEXM,2025-11-11 15:33:05 UTC
2017-06-01,104.517412484814,NA,NA,NA,NA,NA,Index (2016=100),2016,"FRED (IMF Primary Commodity Prices, PFOODINDEXM)",https://fred.stlouisfed.org/series/PFOODINDEXM,2025-11-11 15:33:05 UTC
2017-07-01,106.864007987337,NA,NA,NA,NA,NA,Index (2016=100),2016,"FRED (IMF Primary Commodity Prices, PFOODINDEXM)",https://fred.stlouisfed.org/series/PFOODINDEXM,2025-11-11 15:33:05 UTC
2017-08-01,102.080849360057,NA,NA,NA,NA,NA,Index (2016=100),2016,"FRED (IMF Primary Commodity Prices, PFOODINDEXM)",https://fred.stlouisfed.org/series/PFOODINDEXM,2025-11-11 15:33:05 UTC
2017-09-01,100.849223168115,NA,NA,NA,NA,NA,Index (2016=100),2016,"FRED (IMF Primary Commodity Prices, PFOODINDEXM)",https://fred.stlouisfed.org/series/PFOODINDEXM,2025-11-11 15:33:05 UTC
2017-10-01,101.652154990465,NA,NA,NA,NA,NA,Index (2016=100),2016,"FRED (IMF Primary Commodity Prices, PFOODINDEXM)",https://fred.stlouisfed.org/series/PFOODINDEXM,2025-11-11 15:33:05 UTC
2017-11-01,102.29060043899,NA,NA,NA,NA,NA,Index (2016=100),2016,"FRED (IMF Primary Commodity Prices, PFOODINDEXM)",https://fred.stlouisfed.org/series/PFOODINDEXM,2025-11-11 15:33:05 UTC
2017-12-01,102.281726502539,NA,NA,NA,NA,NA,Index (2016=100),2016,"FRED (IMF Primary Commodity Prices, PFOODINDEXM)",https://fred.stlouisfed.org/series/PFOODINDEXM,2025-11-11 15:33:05 UTC
2018-01-01,105.817648555528,NA,NA,NA,NA,NA,Index (2016=100),2016,"FRED (IMF Primary Commodity Prices, PFOODINDEXM)",https://fred.stlouisfed.org/series/PFOODINDEXM,2025-11-11 15:33:05 UTC
2018-02-01,105.893344254943,NA,NA,NA,NA,NA,Index (2016=100),2016,"FRED (IMF Primary Commodity Prices, PFOODINDEXM)",https://fred.stlouisfed.org/series/PFOODINDEXM,2025-11-11 15:33:05 UTC
2018-03-01,106.90542239454,NA,NA,NA,NA,NA,Index (2016=100),2016,"FRED (IMF Primary Commodity Prices, PFOODINDEXM)",https://fred.stlouisfed.org/series/PFOODINDEXM,2025-11-11 15:33:05 UTC
2018-04-01,106.718892005956,NA,NA,NA,NA,NA,Index (2016=100),2016,"FRED (IMF Primary Commodity Prices, PFOODINDEXM)",https://fred.stlouisfed.org/series/PFOODINDEXM,2025-11-11 15:33:05 UTC
2018-05-01,108.362526378513,NA,NA,NA,NA,NA,Index (2016=100),2016,"FRED (IMF Primary Commodity Prices, PFOODINDEXM)",https://fred.stlouisfed.org/series/PFOODINDEXM,2025-11-11 15:33:05 UTC
2018-06-01,104.080105765703,NA,NA,NA,NA,NA,Index (2016=100),2016,"FRED (IMF Primary Commodity Prices, PFOODINDEXM)",https://fred.stlouisfed.org/series/PFOODINDEXM,2025-11-11 15:33:05 UTC
2018-07-01,101.330139556782,NA,NA,NA,NA,NA,Index (2016=100),2016,"FRED (IMF Primary Commodity Prices, PFOODINDEXM)",https://fred.stlouisfed.org/series/PFOODINDEXM,2025-11-11 15:33:05 UTC
2018-08-01,97.3613444189903,NA,NA,NA,NA,NA,Index (2016=100),2016,"FRED (IMF Primary Commodity Prices, PFOODINDEXM)",https://fred.stlouisfed.org/series/PFOODINDEXM,2025-11-11 15:33:05 UTC
2018-09-01,98.6266821806031,NA,NA,NA,NA,NA,Index (2016=100),2016,"FRED (IMF Primary Commodity Prices, PFOODINDEXM)",https://fred.stlouisfed.org/series/PFOODINDEXM,2025-11-11 15:33:05 UTC
2018-10-01,100.421378326632,NA,NA,NA,NA,NA,Index (2016=100),2016,"FRED (IMF Primary Commodity Prices, PFOODINDEXM)",https://fred.stlouisfed.org/series/PFOODINDEXM,2025-11-11 15:33:05 UTC
2018-11-01,95.8552242237267,NA,NA,NA,NA,NA,Index (2016=100),2016,"FRED (IMF Primary Commodity Prices, PFOODINDEXM)",https://fred.stlouisfed.org/series/PFOODINDEXM,2025-11-11 15:33:05 UTC
2018-12-01,98.689926328298,NA,NA,NA,NA,NA,Index (2016=100),2016,"FRED (IMF Primary Commodity Prices, PFOODINDEXM)",https://fred.stlouisfed.org/series/PFOODINDEXM,2025-11-11 15:33:05 UTC
2019-01-01,100.466541634066,NA,NA,NA,NA,NA,Index (2016=100),2016,"FRED (IMF Primary Commodity Prices, PFOODINDEXM)",https://fred.stlouisfed.org/series/PFOODINDEXM,2025-11-11 15:33:05 UTC
2019-02-01,98.7722050730723,NA,NA,NA,NA,NA,Index (2016=100),2016,"FRED (IMF Primary Commodity Prices, PFOODINDEXM)",https://fred.stlouisfed.org/series/PFOODINDEXM,2025-11-11 15:33:05 UTC
2019-03-01,98.0631097207465,NA,NA,NA,NA,NA,Index (2016=100),2016,"FRED (IMF Primary Commodity Prices, PFOODINDEXM)",https://fred.stlouisfed.org/series/PFOODINDEXM,2025-11-11 15:33:05 UTC
2019-04-01,101.569201276263,NA,NA,NA,NA,NA,Index (2016=100),2016,"FRED (IMF Primary Commodity Prices, PFOODINDEXM)",https://fred.stlouisfed.org/series/PFOODINDEXM,2025-11-11 15:33:05 UTC
2019-05-01,98.094289080568,NA,NA,NA,NA,NA,Index (2016=100),2016,"FRED (IMF Primary Commodity Prices, PFOODINDEXM)",https://fred.stlouisfed.org/series/PFOODINDEXM,2025-11-11 15:33:05 UTC
2019-06-01,100.21284140868,NA,NA,NA,NA,NA,Index (2016=100),2016,"FRED (IMF Primary Commodity Prices, PFOODINDEXM)",https://fred.stlouisfed.org/series/PFOODINDEXM,2025-11-11 15:33:05 UTC
2019-07-01,100.271973935613,NA,NA,NA,NA,NA,Index (2016=100),2016,"FRED (IMF Primary Commodity Prices, PFOODINDEXM)",https://fred.stlouisfed.org/series/PFOODINDEXM,2025-11-11 15:33:05 UTC
2019-08-01,98.2604297965905,NA,NA,NA,NA,NA,Index (2016=100),2016,"FRED (IMF Primary Commodity Prices, PFOODINDEXM)",https://fred.stlouisfed.org/series/PFOODINDEXM,2025-11-11 15:33:05 UTC
2019-09-01,96.0465791406383,NA,NA,NA,NA,NA,Index (2016=100),2016,"FRED (IMF Primary Commodity Prices, PFOODINDEXM)",https://fred.stlouisfed.org/series/PFOODINDEXM,2025-11-11 15:33:05 UTC
2019-10-01,96.3821999312205,NA,NA,NA,NA,NA,Index (2016=100),2016,"FRED (IMF Primary Commodity Prices, PFOODINDEXM)",https://fred.stlouisfed.org/series/PFOODINDEXM,2025-11-11 15:33:05 UTC
2019-11-01,100.277643157927,NA,NA,NA,NA,NA,Index (2016=100),2016,"FRED (IMF Primary Commodity Prices, PFOODINDEXM)",https://fred.stlouisfed.org/series/PFOODINDEXM,2025-11-11 15:33:05 UTC
2019-12-01,104.019084142494,NA,NA,NA,NA,NA,Index (2016=100),2016,"FRED (IMF Primary Commodity Prices, PFOODINDEXM)",https://fred.stlouisfed.org/series/PFOODINDEXM,2025-11-11 15:33:05 UTC
2020-01-01,105.402562830114,NA,NA,NA,NA,NA,Index (2016=100),2016,"FRED (IMF Primary Commodity Prices, PFOODINDEXM)",https://fred.stlouisfed.org/series/PFOODINDEXM,2025-11-11 15:33:05 UTC
2020-02-01,101.111475525452,NA,NA,NA,NA,NA,Index (2016=100),2016,"FRED (IMF Primary Commodity Prices, PFOODINDEXM)",https://fred.stlouisfed.org/series/PFOODINDEXM,2025-11-11 15:33:05 UTC
2020-03-01,97.1999828086911,NA,NA,NA,NA,NA,Index (2016=100),2016,"FRED (IMF Primary Commodity Prices, PFOODINDEXM)",https://fred.stlouisfed.org/series/PFOODINDEXM,2025-11-11 15:33:05 UTC
2020-04-01,92.9336296554799,NA,NA,NA,NA,NA,Index (2016=100),2016,"FRED (IMF Primary Commodity Prices, PFOODINDEXM)",https://fred.stlouisfed.org/series/PFOODINDEXM,2025-11-11 15:33:05 UTC
2020-05-01,96.5167058608417,NA,NA,NA,NA,NA,Index (2016=100),2016,"FRED (IMF Primary Commodity Prices, PFOODINDEXM)",https://fred.stlouisfed.org/series/PFOODINDEXM,2025-11-11 15:33:05 UTC
2020-06-01,99.8056677925157,NA,NA,NA,NA,NA,Index (2016=100),2016,"FRED (IMF Primary Commodity Prices, PFOODINDEXM)",https://fred.stlouisfed.org/series/PFOODINDEXM,2025-11-11 15:33:05 UTC
2020-07-01,97.6357175105033,NA,NA,NA,NA,NA,Index (2016=100),2016,"FRED (IMF Primary Commodity Prices, PFOODINDEXM)",https://fred.stlouisfed.org/series/PFOODINDEXM,2025-11-11 15:33:05 UTC
2020-08-01,98.623679633802,NA,NA,NA,NA,NA,Index (2016=100),2016,"FRED (IMF Primary Commodity Prices, PFOODINDEXM)",https://fred.stlouisfed.org/series/PFOODINDEXM,2025-11-11 15:33:05 UTC
2020-09-01,99.9792035270908,NA,NA,NA,NA,NA,Index (2016=100),2016,"FRED (IMF Primary Commodity Prices, PFOODINDEXM)",https://fred.stlouisfed.org/series/PFOODINDEXM,2025-11-11 15:33:05 UTC
2020-10-01,105.264103700933,NA,NA,NA,NA,NA,Index (2016=100),2016,"FRED (IMF Primary Commodity Prices, PFOODINDEXM)",https://fred.stlouisfed.org/series/PFOODINDEXM,2025-11-11 15:33:05 UTC
2020-11-01,108.763913410888,NA,NA,NA,NA,NA,Index (2016=100),2016,"FRED (IMF Primary Commodity Prices, PFOODINDEXM)",https://fred.stlouisfed.org/series/PFOODINDEXM,2025-11-11 15:33:05 UTC
2020-12-01,109.91025627716,NA,NA,NA,NA,NA,Index (2016=100),2016,"FRED (IMF Primary Commodity Prices, PFOODINDEXM)",https://fred.stlouisfed.org/series/PFOODINDEXM,2025-11-11 15:33:05 UTC
2021-01-01,116.927208776955,NA,NA,NA,NA,NA,Index (2016=100),2016,"FRED (IMF Primary Commodity Prices, PFOODINDEXM)",https://fred.stlouisfed.org/series/PFOODINDEXM,2025-11-11 15:33:05 UTC
2021-02-01,119.756141741604,NA,NA,NA,NA,NA,Index (2016=100),2016,"FRED (IMF Primary Commodity Prices, PFOODINDEXM)",https://fred.stlouisfed.org/series/PFOODINDEXM,2025-11-11 15:33:05 UTC
2021-03-01,122.471505318386,NA,NA,NA,NA,NA,Index (2016=100),2016,"FRED (IMF Primary Commodity Prices, PFOODINDEXM)",https://fred.stlouisfed.org/series/PFOODINDEXM,2025-11-11 15:33:05 UTC
2021-04-01,130.082815565105,NA,NA,NA,NA,NA,Index (2016=100),2016,"FRED (IMF Primary Commodity Prices, PFOODINDEXM)",https://fred.stlouisfed.org/series/PFOODINDEXM,2025-11-11 15:33:05 UTC
2021-05-01,136.360356534664,NA,NA,NA,NA,NA,Index (2016=100),2016,"FRED (IMF Primary Commodity Prices, PFOODINDEXM)",https://fred.stlouisfed.org/series/PFOODINDEXM,2025-11-11 15:33:05 UTC
2021-06-01,128.909031142341,NA,NA,NA,NA,NA,Index (2016=100),2016,"FRED (IMF Primary Commodity Prices, PFOODINDEXM)",https://fred.stlouisfed.org/series/PFOODINDEXM,2025-11-11 15:33:05 UTC
2021-07-01,129.448389524242,NA,NA,NA,NA,NA,Index (2016=100),2016,"FRED (IMF Primary Commodity Prices, PFOODINDEXM)",https://fred.stlouisfed.org/series/PFOODINDEXM,2025-11-11 15:33:05 UTC
2021-08-01,131.894620440191,NA,NA,NA,NA,NA,Index (2016=100),2016,"FRED (IMF Primary Commodity Prices, PFOODINDEXM)",https://fred.stlouisfed.org/series/PFOODINDEXM,2025-11-11 15:33:05 UTC
2021-09-01,127.983212041987,NA,NA,NA,NA,NA,Index (2016=100),2016,"FRED (IMF Primary Commodity Prices, PFOODINDEXM)",https://fred.stlouisfed.org/series/PFOODINDEXM,2025-11-11 15:33:05 UTC
2021-10-01,129.492891410639,NA,NA,NA,NA,NA,Index (2016=100),2016,"FRED (IMF Primary Commodity Prices, PFOODINDEXM)",https://fred.stlouisfed.org/series/PFOODINDEXM,2025-11-11 15:33:05 UTC
2021-11-01,131.576680525229,NA,NA,NA,NA,NA,Index (2016=100),2016,"FRED (IMF Primary Commodity Prices, PFOODINDEXM)",https://fred.stlouisfed.org/series/PFOODINDEXM,2025-11-11 15:33:05 UTC
2021-12-01,135.347860668446,NA,NA,NA,NA,NA,Index (2016=100),2016,"FRED (IMF Primary Commodity Prices, PFOODINDEXM)",https://fred.stlouisfed.org/series/PFOODINDEXM,2025-11-11 15:33:05 UTC
2022-01-01,141.847619098511,NA,NA,NA,NA,NA,Index (2016=100),2016,"FRED (IMF Primary Commodity Prices, PFOODINDEXM)",https://fred.stlouisfed.org/series/PFOODINDEXM,2025-11-11 15:33:05 UTC
2022-02-01,148.723674732023,NA,NA,NA,NA,NA,Index (2016=100),2016,"FRED (IMF Primary Commodity Prices, PFOODINDEXM)",https://fred.stlouisfed.org/series/PFOODINDEXM,2025-11-11 15:33:05 UTC
2022-03-01,160.947431982254,NA,NA,NA,NA,NA,Index (2016=100),2016,"FRED (IMF Primary Commodity Prices, PFOODINDEXM)",https://fred.stlouisfed.org/series/PFOODINDEXM,2025-11-11 15:33:05 UTC
2022-04-01,165.748165811757,NA,NA,NA,NA,NA,Index (2016=100),2016,"FRED (IMF Primary Commodity Prices, PFOODINDEXM)",https://fred.stlouisfed.org/series/PFOODINDEXM,2025-11-11 15:33:05 UTC
2022-05-01,162.525241774379,NA,NA,NA,NA,NA,Index (2016=100),2016,"FRED (IMF Primary Commodity Prices, PFOODINDEXM)",https://fred.stlouisfed.org/series/PFOODINDEXM,2025-11-11 15:33:05 UTC
2022-06-01,156.114199325698,NA,NA,NA,NA,NA,Index (2016=100),2016,"FRED (IMF Primary Commodity Prices, PFOODINDEXM)",https://fred.stlouisfed.org/series/PFOODINDEXM,2025-11-11 15:33:05 UTC
2022-07-01,144.223754407747,NA,NA,NA,NA,NA,Index (2016=100),2016,"FRED (IMF Primary Commodity Prices, PFOODINDEXM)",https://fred.stlouisfed.org/series/PFOODINDEXM,2025-11-11 15:33:05 UTC
2022-08-01,140.242179366423,NA,NA,NA,NA,NA,Index (2016=100),2016,"FRED (IMF Primary Commodity Prices, PFOODINDEXM)",https://fred.stlouisfed.org/series/PFOODINDEXM,2025-11-11 15:33:05 UTC
2022-09-01,135.468754372915,NA,NA,NA,NA,NA,Index (2016=100),2016,"FRED (IMF Primary Commodity Prices, PFOODINDEXM)",https://fred.stlouisfed.org/series/PFOODINDEXM,2025-11-11 15:33:05 UTC
2022-10-01,138.284392624156,NA,NA,NA,NA,NA,Index (2016=100),2016,"FRED (IMF Primary Commodity Prices, PFOODINDEXM)",https://fred.stlouisfed.org/series/PFOODINDEXM,2025-11-11 15:33:05 UTC
2022-11-01,138.278251125305,NA,NA,NA,NA,NA,Index (2016=100),2016,"FRED (IMF Primary Commodity Prices, PFOODINDEXM)",https://fred.stlouisfed.org/series/PFOODINDEXM,2025-11-11 15:33:05 UTC
2022-12-01,136.423919681957,NA,NA,NA,NA,NA,Index (2016=100),2016,"FRED (IMF Primary Commodity Prices, PFOODINDEXM)",https://fred.stlouisfed.org/series/PFOODINDEXM,2025-11-11 15:33:05 UTC
2023-01-01,138.371863045071,NA,NA,NA,NA,NA,Index (2016=100),2016,"FRED (IMF Primary Commodity Prices, PFOODINDEXM)",https://fred.stlouisfed.org/series/PFOODINDEXM,2025-11-11 15:33:05 UTC
2023-02-01,142.63108957677,NA,NA,NA,NA,NA,Index (2016=100),2016,"FRED (IMF Primary Commodity Prices, PFOODINDEXM)",https://fred.stlouisfed.org/series/PFOODINDEXM,2025-11-11 15:33:05 UTC
2023-03-01,146.206256891757,NA,NA,NA,NA,NA,Index (2016=100),2016,"FRED (IMF Primary Commodity Prices, PFOODINDEXM)",https://fred.stlouisfed.org/series/PFOODINDEXM,2025-11-11 15:33:05 UTC
2023-04-01,146.142157987098,NA,NA,NA,NA,NA,Index (2016=100),2016,"FRED (IMF Primary Commodity Prices, PFOODINDEXM)",https://fred.stlouisfed.org/series/PFOODINDEXM,2025-11-11 15:33:05 UTC
2023-05-01,138.657192764849,NA,NA,NA,NA,NA,Index (2016=100),2016,"FRED (IMF Primary Commodity Prices, PFOODINDEXM)",https://fred.stlouisfed.org/series/PFOODINDEXM,2025-11-11 15:33:05 UTC
2023-06-01,136.073423154285,NA,NA,NA,NA,NA,Index (2016=100),2016,"FRED (IMF Primary Commodity Prices, PFOODINDEXM)",https://fred.stlouisfed.org/series/PFOODINDEXM,2025-11-11 15:33:05 UTC
2023-07-01,136.674607742062,NA,NA,NA,NA,NA,Index (2016=100),2016,"FRED (IMF Primary Commodity Prices, PFOODINDEXM)",https://fred.stlouisfed.org/series/PFOODINDEXM,2025-11-11 15:33:05 UTC
2023-08-01,131.299738382475,NA,NA,NA,NA,NA,Index (2016=100),2016,"FRED (IMF Primary Commodity Prices, PFOODINDEXM)",https://fred.stlouisfed.org/series/PFOODINDEXM,2025-11-11 15:33:05 UTC
2023-09-01,131.094817802427,NA,NA,NA,NA,NA,Index (2016=100),2016,"FRED (IMF Primary Commodity Prices, PFOODINDEXM)",https://fred.stlouisfed.org/series/PFOODINDEXM,2025-11-11 15:33:05 UTC
2023-10-01,132.452555206111,NA,NA,NA,NA,NA,Index (2016=100),2016,"FRED (IMF Primary Commodity Prices, PFOODINDEXM)",https://fred.stlouisfed.org/series/PFOODINDEXM,2025-11-11 15:33:05 UTC
2023-11-01,135.847736029447,NA,NA,NA,NA,NA,Index (2016=100),2016,"FRED (IMF Primary Commodity Prices, PFOODINDEXM)",https://fred.stlouisfed.org/series/PFOODINDEXM,2025-11-11 15:33:05 UTC
2023-12-01,133.900006077058,NA,NA,NA,NA,NA,Index (2016=100),2016,"FRED (IMF Primary Commodity Prices, PFOODINDEXM)",https://fred.stlouisfed.org/series/PFOODINDEXM,2025-11-11 15:33:05 UTC
2024-01-01,135.551620882499,NA,NA,NA,NA,NA,Index (2016=100),2016,"FRED (IMF Primary Commodity Prices, PFOODINDEXM)",https://fred.stlouisfed.org/series/PFOODINDEXM,2025-11-11 15:33:05 UTC
2024-02-01,134.384428722304,NA,NA,NA,NA,NA,Index (2016=100),2016,"FRED (IMF Primary Commodity Prices, PFOODINDEXM)",https://fred.stlouisfed.org/series/PFOODINDEXM,2025-11-11 15:33:05 UTC
2024-03-01,135.672279481413,NA,NA,NA,NA,NA,Index (2016=100),2016,"FRED (IMF Primary Commodity Prices, PFOODINDEXM)",https://fred.stlouisfed.org/series/PFOODINDEXM,2025-11-11 15:33:05 UTC
2024-04-01,137.860910169539,NA,NA,NA,NA,NA,Index (2016=100),2016,"FRED (IMF Primary Commodity Prices, PFOODINDEXM)",https://fred.stlouisfed.org/series/PFOODINDEXM,2025-11-11 15:33:05 UTC
2024-05-01,137.838301347435,NA,NA,NA,NA,NA,Index (2016=100),2016,"FRED (IMF Primary Commodity Prices, PFOODINDEXM)",https://fred.stlouisfed.org/series/PFOODINDEXM,2025-11-11 15:33:05 UTC
2024-06-01,130.263971468701,NA,NA,NA,NA,NA,Index (2016=100),2016,"FRED (IMF Primary Commodity Prices, PFOODINDEXM)",https://fred.stlouisfed.org/series/PFOODINDEXM,2025-11-11 15:33:05 UTC
2024-07-01,128.81261448411,NA,NA,NA,NA,NA,Index (2016=100),2016,"FRED (IMF Primary Commodity Prices, PFOODINDEXM)",https://fred.stlouisfed.org/series/PFOODINDEXM,2025-11-11 15:33:05 UTC
2024-08-01,128.36536994649,NA,NA,NA,NA,NA,Index (2016=100),2016,"FRED (IMF Primary Commodity Prices, PFOODINDEXM)",https://fred.stlouisfed.org/series/PFOODINDEXM,2025-11-11 15:33:05 UTC
2024-09-01,130.718538835828,NA,NA,NA,NA,NA,Index (2016=100),2016,"FRED (IMF Primary Commodity Prices, PFOODINDEXM)",https://fred.stlouisfed.org/series/PFOODINDEXM,2025-11-11 15:33:05 UTC
2024-10-01,132.702538960834,NA,NA,NA,NA,NA,Index (2016=100),2016,"FRED (IMF Primary Commodity Prices, PFOODINDEXM)",https://fred.stlouisfed.org/series/PFOODINDEXM,2025-11-11 15:33:05 UTC
2024-11-01,133.314689426849,NA,NA,NA,NA,NA,Index (2016=100),2016,"FRED (IMF Primary Commodity Prices, PFOODINDEXM)",https://fred.stlouisfed.org/series/PFOODINDEXM,2025-11-11 15:33:05 UTC
2024-12-01,132.224069930934,NA,NA,NA,NA,NA,Index (2016=100),2016,"FRED (IMF Primary Commodity Prices, PFOODINDEXM)",https://fred.stlouisfed.org/series/PFOODINDEXM,2025-11-11 15:33:05 UTC
2025-01-01,135.64008484682,NA,NA,NA,NA,NA,Index (2016=100),2016,"FRED (IMF Primary Commodity Prices, PFOODINDEXM)",https://fred.stlouisfed.org/series/PFOODINDEXM,2025-11-11 15:33:05 UTC
2025-02-01,132.066797964688,NA,NA,NA,NA,NA,Index (2016=100),2016,"FRED (IMF Primary Commodity Prices, PFOODINDEXM)",https://fred.stlouisfed.org/series/PFOODINDEXM,2025-11-11 15:33:05 UTC
2025-03-01,128.967297220182,NA,NA,NA,NA,NA,Index (2016=100),2016,"FRED (IMF Primary Commodity Prices, PFOODINDEXM)",https://fred.stlouisfed.org/series/PFOODINDEXM,2025-11-11 15:33:05 UTC
2025-04-01,129.364110982274,NA,NA,NA,NA,NA,Index (2016=100),2016,"FRED (IMF Primary Commodity Prices, PFOODINDEXM)",https://fred.stlouisfed.org/series/PFOODINDEXM,2025-11-11 15:33:05 UTC
2025-05-01,126.203336279921,NA,NA,NA,NA,NA,Index (2016=100),2016,"FRED (IMF Primary Commodity Prices, PFOODINDEXM)",https://fred.stlouisfed.org/series/PFOODINDEXM,2025-11-11 15:33:05 UTC
2025-06-01,124.842864243412,NA,NA,NA,NA,NA,Index (2016=100),2016,"FRED (IMF Primary Commodity Prices, PFOODINDEXM)",https://fred.stlouisfed.org/series/PFOODINDEXM,2025-11-11 15:33:05 UTC
